
[

  {
    "date":1576155563000,
    "bookings":[
      {
        "bookingId":1,
        "customer":{
          "customerName":"Manish Kumar",
          "customerId":"252644vdgaga21"
        },
        "bookingStartTime":1576155563000,
        "slotId":121
      },

      {
        "bookingId":2,
        "customer":{
          "customerName":"Satish Kumar",
          "customerId":"252dsga2151a21"
        },
        "bookingStartTime":1577019563000,
        "slotId":123
      }
    ]
  },
  {
    "date":1579084476000,
    "bookings":[
      {
        "bookingId":1,
        "customer":{
          "customerName":"Naveen Kumar",
          "customerId":"252644vdgaga21"
        },
        "bookingStartTime":1579084476000,
        "slotId":121
      },

      {
        "bookingId":2,
        "customer":{
          "customerName":"Deepak Kumar",
          "customerId":"252dsga2151a21"
        },
        "bookingStartTime":1579091676000,
        "slotId":123
      }
    ]
  }
,
  {
    "date":1579854876000,
    "bookings":[
      {
        "bookingId":4,
        "customer":{
          "customerName":"Praveen Kumar",
          "customerId":"252644vdgaga21"
        },
        "bookingStartTime":1579854876000,
        "slotId":124
      },

      {
        "bookingId":3,
        "customer":{
          "customerName":"Deepak Kumar",
          "customerId":"252dsga2151a21"
        },
        "bookingStartTime":1579865676000,
        "slotId":125
      }
    ]
  }
  ,
  {
    "date":1582894763000,
    "bookings":[
      {
        "bookingId":4,
        "customer":{
          "customerName":"Raj Kumar",
          "customerId":"252644vdgaga21"
        },
        "bookingStartTime":1582894763000,
        "slotId":124
      }

    ]
  }
  ,
  {
    "date":1583413163000,
    "bookings":[
      {
        "bookingId":4,
        "customer":{
          "customerName":"Praveen Kumar",
          "customerId":"252644vdgaga21"
        },
        "bookingStartTime":1583413163000,
        "slotId":124
      },

      {
        "bookingId":3,
        "customer":{
          "customerName":"Deepak Kumar",
          "customerId":"252dsga2151a21"
        },
        "bookingStartTime":1584277163000,
        "slotId":125
      }
    ]
  }

]

